,t_plus_0,t_plus_1,t_plus_2
0,3431.9307692307702,4673.790499999998,4904.613000000001
1,4673.790499999998,4904.613000000001,5464.174999999997
2,4904.613000000001,5464.174999999997,6477.5715
3,5464.174999999997,6477.5715,7352.410999999996
4,6477.5715,7352.410999999996,8052.2445
5,7352.410999999996,8052.2445,8908.732499999996
6,8052.2445,8908.732499999996,9679.686000000005
7,8908.732499999996,9679.686000000005,10286.174500000003
8,9679.686000000005,10286.174500000003,10906.9505
9,10286.174500000003,10906.9505,11276.266500000014
10,10906.9505,11276.266500000014,10577.449
11,11276.266500000014,10577.449,9622.853500000005
12,10577.449,9622.853500000005,8666.098999999995
13,9622.853500000005,8666.098999999995,8237.28349999998
14,8666.098999999995,8237.28349999998,8238.17249999998
15,8237.28349999998,8238.17249999998,8243.188999999988
16,8238.17249999998,8243.188999999988,8244.839999999991
17,8243.188999999988,8244.839999999991,8247.25299999999
18,8244.839999999991,8247.25299999999,8252.396499999986
19,8247.25299999999,8252.396499999986,8252.459999999986
20,8252.396499999986,8252.459999999986,8252.459999999986
21,8252.459999999986,8252.459999999986,8255.190499999986
22,8252.459999999986,8255.190499999986,8260.016499999983
23,8255.190499999986,8260.016499999983,8260.206999999984
24,8260.016499999983,8260.206999999984,8260.778499999982
25,8260.206999999984,8260.778499999982,8266.112499999983
26,8260.778499999982,8266.112499999983,8267.699999999983
27,8266.112499999983,8267.699999999983,8267.699999999983
28,8267.699999999983,8267.699999999983,8267.699999999983
29,8267.699999999983,8267.699999999983,7972.933000000003
30,8267.699999999983,7972.933000000003,6746.240000000001
31,7972.933000000003,6746.240000000001,5480.621500000002
32,6746.240000000001,5480.621500000002,4411.472000000009
33,5480.621500000002,4411.472000000009,4251.960000000009
34,4411.472000000009,4251.960000000009,4251.960000000008
