,t_plus_0,t_plus_1,t_plus_2
0,1214.1653571428567,1320.863499999999,1361.1860000000008
1,1320.863499999999,1361.1860000000008,1368.425
2,1361.1860000000008,1368.425,1354.454999999999
3,1368.425,1354.454999999999,1356.0424999999996
4,1354.454999999999,1356.0424999999996,1335.4684999999993
5,1356.0424999999996,1335.4684999999993,1341.5644999999977
6,1335.4684999999993,1341.5644999999977,1341.1199999999978
7,1341.5644999999977,1341.1199999999978,1341.1199999999994
