,window,mean_geoaltitude,mean_velocity
0,2,235.505625,47.09020287
1,2,692.277,51.80146809
2,2,1165.987,54.31172808
3,2,1693.2275,57.54328581
4,2,2195.1315,59.75535158
5,2,2624.963,63.28848873
6,2,2831.4015,77.19346208
7,2,2850.515,82.46761752
8,2,2859.2145,84.85742843
9,2,2842.133,85.5618528
10,2,2851.9755,84.81929574
11,2,2861.8815,85.90307188
12,2,2695.6385,86.09494031
13,2,2583.18,86.22118274
14,2,2583.18,86.22118274
15,2,2583.18,86.22118274